{
  "Brazil": 97.5357298980416,
  "United States": 98.08410544720175,
  "South Korea": 99.87833190618271,
  "Russia": 94.80339050292969,
  "Germany": 98.79488853980413,
  "France": 97.95565541585286,
  "Netherlands": 98.32107670018783,
  "Switzerland": 98.8275821570194,
  "Finland": 99.2429687836591,
  "Spain": 98.35469348700211,
  "Czechia": 97.9476388228567,
  "United Kingdom": 96.99386487688336,
  "Mexico": 98.10987943212108,
  "Norway": 97.77002203584921,
  "Canada": 98.59302086013932,
  "Italy": 98.08115264191025,
  "Australia": 98.74850444304637,
  "Denmark": 98.61080932617188,
  "Poland": 98.55882743426731,
  "Austria": 98.02187052533671,
  "Ireland": 79.72933136632076,
  "Serbia": 85.552734375,
  "Uzbekistan": 86.77871452747004,
  "Ukraine": 89.3826675415039,
  "South Africa": 86.67999386718706,
  "Paraguay": 89.61437331280351,
  "Greece": 69.38207626342773,
  "Algeria": 69.83189430490707,
  "Belarus": 73.55111694335938,
  "Sweden": 68.56832733154297,
  "Portugal": 84.1185302734375,
  "Hungary": 43.87367010116577,
  "Iceland": 75.19972356160481,
  "Colombia": 81.24044278887328,
  "Latvia": 76.62973162381154,
  "Malaysia": 85.19755642237875,
  "Bosnia": 81.31417271114131,
  "India": 62.66054598490397,
  "R\u00e9union": 81.52594757080078,
  "Croatia": 91.27853393554688,
  "Estonia": 80.96332361362875,
  "New Caledonia": 97.57229448561503,
  "Japan": 31.37692419687907,
  "New Zealand": 87.96395111083984,
  "Singapore": 77.30201413217655,
  "Romania": 90.64514838324652,
  "Bangladesh": 65.52634061349404,
  "Slovakia": 80.58753373887804,
  "Argentina": 79.8878396841196,
  "Kazakhstan": 70.1531174316687,
  "Venezuela": 80.30364227294922,
  "Indonesia": 54.28938293457031,
  "Bulgaria": 83.88763427734375,
  "Cyprus": 91.0751007846668,
  "Bermuda": 81.99580383300781,
  "Moldova": 76.2878646850586,
  "Slovenia": 90.49197959899902,
  "Lithuania": 83.89778137207031,
  "Philippines": 61.38501739501953,
  "Belgium": 86.40253782272339,
  "Faroe Islands": 68.56402587890625
}