{
  "br.p": 60.186007357595884,
  "us.p": 78.87935082923433,
  "kp.p": 95.53707625314497,
  "ru.p": 57.107261657714844,
  "de.p": 75.10052933711535,
  "fr.p": 57.31040149264865,
  "nl.p": 77.59330605242077,
  "ch.p": 82.02655848383388,
  "fi.p": 91.77925625969382,
  "es.p": 56.913775753519786,
  "cz.p": 62.218163379869964,
  "gb.p": 54.60977118355887,
  "mx.p": 59.39333680371485,
  "no.p": 75.89340957487472,
  "ca.p": 63.26745193928212,
  "it.p": 58.95651100421774,
  "au.p": 76.59099328571855,
  "dk.p": 73.40236317742732,
  "pl.p": 74.42011387007577,
  "at.p": 74.39672921771653,
  "ie": 58.63385631298197,
  "rs": 55.80677032470703,
  "uz": 56.967697813959404,
  "ua": 55.389525413513184,
  "za": 58.80259152997811,
  "py": 51.902436438277455,
  "gr": 49.40278244018555,
  "dz": 59.55311126518567,
  "by": 27.34405517578125,
  "se": 66.4936045328776,
  "pt": 48.119462966918945,
  "hu": 15.904298663139343,
  "is": 84.9925142923991,
  "co": 47.097961821329825,
  "lv": 49.79315624381012,
  "my": 55.00157554745966,
  "ba": 54.826640902111706,
  "in": 49.34697977701823,
  "re": 57.748783111572266,
  "hr": 66.03125381469727,
  "ee": 65.57042318303138,
  "nc": 63.466252236752894,
  "jp": 19.509581247965496,
  "nz": 64.15804481506348,
  "sg": 52.65170298036465,
  "ro": 46.774607764350044,
  "bd": 52.42172078023086,
  "sk": 62.08211347791884,
  "ar": 46.21049206073467,
  "kz": 31.29602641848763,
  "ve": 61.823706817626956,
  "id": 55.460567474365234,
  "bg": 60.89256286621094,
  "cy": 73.48375714680795,
  "bm": 77.27899169921875,
  "md": 42.58034896850586,
  "si": 66.74586486816406,
  "lt": 51.64408874511719,
  "ph": 50.91773681640625,
  "be": 66.24941754341125,
  "fo": 77.63075256347656
}