{
  "Brazil": 68.97412057223225,
  "United States": 90.07400641219164,
  "South Korea": 92.98351203874536,
  "Russia": 59.50729242960612,
  "Germany": 91.38028190225866,
  "France": 69.39653015136719,
  "Netherlands": 88.11764193637204,
  "Switzerland": 92.42016505782222,
  "Finland": 93.65986459395465,
  "Spain": 82.92052085529166,
  "Czechia": 85.5416026065224,
  "United Kingdom": 68.37631443568638,
  "Mexico": 80.77704009752125,
  "Norway": 86.7301622641207,
  "Canada": 81.48909659858222,
  "Italy": 85.104483418081,
  "Australia": 87.58758321678657,
  "Denmark": 90.81760241321682,
  "Poland": 91.1738919871194,
  "Austria": 86.66593062511983,
  "Ireland": 74.65214610921926,
  "Serbia": 78.68390146891277,
  "Uzbekistan": 54.078680869376306,
  "Ukraine": 58.05657958984375,
  "South Africa": 71.84970728876955,
  "Paraguay": 70.13458472696334,
  "Greece": 64.16987609863281,
  "Algeria": 64.33878015718126,
  "Belarus": 21.053492228190105,
  "Sweden": 67.31575724283854,
  "Portugal": 72.93081283569336,
  "Hungary": 20.307729244232178,
  "Iceland": 85.74096171061198,
  "Colombia": 62.03552441856773,
  "Latvia": 51.89891891551468,
  "Malaysia": 76.49374200127257,
  "Bosnia": 70.98295288253986,
  "India": 57.92543347676595,
  "R\u00e9union": 66.95604705810547,
  "Croatia": 87.4595947265625,
  "Estonia": 76.75588946789503,
  "New Caledonia": 78.14095417781226,
  "Japan": 33.07872772216797,
  "New Zealand": 75.81829071044922,
  "Singapore": 58.122896539278265,
  "Romania": 74.55506981743707,
  "Bangladesh": 61.56053919405551,
  "Slovakia": 82.46444193522136,
  "Argentina": 70.3139178936298,
  "Kazakhstan": 26.012134849422,
  "Venezuela": 64.36482315063476,
  "Indonesia": 62.62601089477539,
  "Bulgaria": 78.731689453125,
  "Cyprus": 87.17995063653973,
  "Bermuda": 84.57296752929688,
  "Moldova": 61.93551254272461,
  "Slovenia": 84.01168632507324,
  "Lithuania": 69.37191772460938,
  "Philippines": 60.97321395874023,
  "Belgium": 79.56265568733215,
  "Faroe Islands": 82.69271087646484
}