{
  "br.p": 73.98189182740508,
  "us.p": 78.4884292477531,
  "kp.p": 94.23672638042798,
  "ru.p": 62.94221115112305,
  "de.p": 88.32041323975562,
  "fr.p": 72.96977233886719,
  "nl.p": 86.60965964010262,
  "ch.p": 90.43456558954148,
  "fi.p": 94.27453063516056,
  "es.p": 75.47306023820381,
  "cz.p": 72.65519312808388,
  "gb.p": 58.58278710501535,
  "mx.p": 75.40819536678497,
  "no.p": 85.83109911523684,
  "ca.p": 65.66138138642182,
  "it.p": 76.70183887700925,
  "au.p": 78.91597203503547,
  "dk.p": 87.29038474486046,
  "pl.p": 86.9204397882734,
  "at.p": 80.96103897562787,
  "ie": 65.17752708088268,
  "rs": 73.10144551595052,
  "uz": 62.84578592092684,
  "ua": 61.48597049713135,
  "za": 69.47149107435595,
  "py": 65.43029809935868,
  "gr": 82.81958770751953,
  "dz": 69.76566081435827,
  "by": 33.27121225992838,
  "se": 74.51570485432943,
  "pt": 68.74781799316406,
  "hu": 18.957545280456543,
  "is": 87.53759892781575,
  "co": 52.77678080057637,
  "lv": 56.545816773468594,
  "my": 66.69630066950532,
  "ba": 77.5148787477468,
  "in": 57.13609027862549,
  "re": 73.79700469970703,
  "hr": 82.95596313476562,
  "ee": 77.8555302284658,
  "nc": 77.89124454954876,
  "jp": 38.1880079905192,
  "nz": 75.4372329711914,
  "sg": 68.98222922884729,
  "ro": 60.15409257676866,
  "bd": 63.025711222811864,
  "sk": 74.33395640055339,
  "ar": 60.63058324960562,
  "kz": 35.91670203888866,
  "ve": 60.67343597412109,
  "id": 70.50800323486328,
  "bg": 78.74384307861328,
  "cy": 85.03973463049346,
  "bm": 75.19328308105469,
  "md": 54.749088287353516,
  "si": 82.09908485412598,
  "lt": 73.5529556274414,
  "ph": 50.8864143371582,
  "be": 78.13848209381104,
  "fo": 83.69390106201172
}
