{
  "Norway": 99.75073084716797,
  "Austria": 98.94043792480468,
  "Italy": 98.88151138916015,
  "Mexico": 95.92637994873047,
  "United Kingdom": 95.19773275634766,
  "Switzerland": 99.47107681152343,
  "Germany": 99.379036171875,
  "Denmark": 97.90417723632812,
  "France": 98.49293350341797,
  "Brazil": 97.11661183105468,
  "Netherlands": 99.46164272949218,
  "Australia": 98.69626645507813,
  "Poland": 99.40948184326172,
  "Czechia": 98.87811454589844,
  "United States": 96.49753765380859,
  "Canada": 96.9794123046875,
  "South Korea": 99.89446375,
  "Russia": 96.01077834228515,
  "Spain": 98.34940495117188,
  "Finland": 99.51698475097656
}