{
  "Norway": 99.52125033935548,
  "Austria": 99.55430553466798,
  "Italy": 99.15862220458985,
  "Mexico": 97.24410732910157,
  "United Kingdom": 97.85102940185547,
  "Switzerland": 99.19826576660157,
  "Germany": 99.41124239257813,
  "Denmark": 97.8555847265625,
  "France": 99.50865028320312,
  "Brazil": 98.95845323242187,
  "Netherlands": 98.74001838623047,
  "Australia": 99.34278487304688,
  "Poland": 99.42904439453125,
  "Czechia": 98.77629874511719,
  "United States": 98.48958708496093,
  "Canada": 98.95572445556641,
  "South Korea": 91.10424102539062,
  "Russia": 97.18194131835938,
  "Spain": 99.07484947998047,
  "Finland": 99.03812127685546
}