{
  "Norway": 99.05999984926092,
  "Austria": 99.2138790330474,
  "Italy": 99.6460803815644,
  "Mexico": 99.48866209702642,
  "United Kingdom": 99.57502986670106,
  "Switzerland": 98.90020882095564,
  "Germany": 99.71903262211863,
  "Denmark": 99.7063218789873,
  "France": 99.59512750259361,
  "Brazil": 99.3148513623047,
  "Netherlands": 99.47253351816244,
  "Australia": 99.67888586107995,
  "Poland": 99.63889248139353,
  "Czechia": 99.47901623059644,
  "United States": 99.557079099421,
  "Canada": 99.76314060289693,
  "South Korea": 99.9658749831298,
  "Russia": 98.90126283513084,
  "Spain": 99.72719224244271,
  "Finland": 99.76965234274348
}