{
  "Ireland": 81.837158203125,
  "Serbia": 91.39940173809345,
  "Uzbekistan": 76.71120094072701,
  "Ukraine": 92.64883465237088,
  "South Africa": 97.9549331665039,
  "Paraguay": 97.35702514648438,
  "Greece": 58.789439307318794,
  "Algeria": 84.55986022949219,
  "Belarus": 97.49283981323242,
  "Sweden": 93.52607884482732,
  "Portugal": 93.76488410101996,
  "Hungary": 24.478319392484778,
  "Iceland": 96.62585243811974,
  "Colombia": 88.52082061767578,
  "Latvia": 73.79389572143555,
  "Malaysia": 91.14283752441406,
  "Bosnia": 89.02007293701172,
  "India": 80.55770797729492,
  "Réunion": 94.26738739013672,
  "Croatia": 85.9874829378995,
  "Estonia": 77.3166275024414,
  "New Caledonia": 99.77445220947266,
  "Japan": 49.48366306446217,
  "New Zealand": 95.70070563422308,
  "Singapore": 88.17323303222656,
  "Romania": 93.41227701547983,
  "Bangladesh": 77.08877563476562,
  "Slovakia": 96.00466362205711,
  "Argentina": 86.80009262650101,
  "Kazakhstan": 96.07514953613281,
  "Venezuela": 96.37750968933105,
  "Indonesia": 71.16869926452637,
  "Bulgaria": 93.28279658726284,
  "Cyprus": 98.01024627685547,
  "Bermuda": 93.80093574523926,
  "Moldova": 89.0782413482666,
  "Slovenia": 96.72984354119552,
  "Lithuania": 78.66775894165039,
  "Philippines": 83.42390098571778,
  "Belgium": 89.85004768075869,
  "Faroe Islands": 85.39372100830079
}