{
  "Ireland": 89.1083984375,
  "Serbia": 95.87611213097206,
  "Uzbekistan": 87.24481109392525,
  "Ukraine": 94.57628419664171,
  "South Africa": 97.25097274780273,
  "Paraguay": 97.0807876586914,
  "Greece": 86.03824022081163,
  "Algeria": 87.30000305175781,
  "Belarus": 97.40160587855748,
  "Sweden": 89.23887295193143,
  "Portugal": 94.91574944390192,
  "Hungary": 51.081315208883844,
  "Iceland": 96.54220639742337,
  "Colombia": 90.07633209228516,
  "Latvia": 93.14319229125977,
  "Malaysia": 74.61963399251302,
  "Bosnia": 87.27236938476562,
  "India": 75.3102198791504,
  "Réunion": 97.73893737792969,
  "Croatia": 95.31623146750711,
  "Estonia": 88.19735717773438,
  "New Caledonia": 99.60831069946289,
  "Japan": 46.90996862340857,
  "New Zealand": 96.99998897976346,
  "Singapore": 89.91860961914062,
  "Romania": 95.3780237146326,
  "Bangladesh": 78.20960998535156,
  "Slovakia": 82.29472928433805,
  "Argentina": 88.58816415292246,
  "Kazakhstan": 92.37200927734375,
  "Venezuela": 95.4673973083496,
  "Indonesia": 66.87170600891113,
  "Bulgaria": 91.73136465890067,
  "Cyprus": 97.44438171386719,
  "Bermuda": 93.24704360961914,
  "Moldova": 92.06501960754395,
  "Slovenia": 95.08070092452199,
  "Lithuania": 87.74294153849284,
  "Philippines": 81.94167709350586,
  "Belgium": 90.72091414577277,
  "Faroe Islands": 73.23486022949218
}