{
  "Ireland": 54.44047927856445,
  "Serbia": 76.78958452492074,
  "Uzbekistan": 70.10211181640625,
  "Ukraine": 89.41982195181205,
  "South Africa": 74.82207489013672,
  "Paraguay": 87.06536865234375,
  "Greece": 38.95261268937832,
  "Algeria": 70.5852279663086,
  "Belarus": 78.59157572709839,
  "Sweden": 86.85098554685572,
  "Portugal": 72.01470219700764,
  "Hungary": 37.87135712229236,
  "Iceland": 77.09087630733656,
  "Colombia": 68.09484100341797,
  "Latvia": 68.30772399902344,
  "Malaysia": 89.64111328125,
  "Bosnia": 67.46432495117188,
  "India": 63.682038588848464,
  "R\u00e9union": 78.64886474609375,
  "Croatia": 81.76320021536337,
  "Estonia": 70.07539367675781,
  "New Caledonia": 94.45854187011719,
  "Japan": 34.97249746312478,
  "New Zealand": 75.57134687497913,
  "Singapore": 67.1881103515625,
  "Romania": 82.8985231142211,
  "Bangladesh": 65.6265640258789,
  "Slovakia": 68.96106706863021,
  "Argentina": 71.19846649037677,
  "Kazakhstan": 76.12853240966797,
  "Venezuela": 70.87664287627055,
  "Indonesia": 63.04445266723633,
  "Bulgaria": 65.76203918457031,
  "Cyprus": 89.46881103515625,
  "Bermuda": 59.163795471191406,
  "Moldova": 57.476741790771484,
  "Slovenia": 83.95659502865311,
  "Lithuania": 69.96614074707031,
  "Philippines": 57.3597753730798,
  "Belgium": 86.06047166214111,
  "Faroe Islands": 64.73957824707031
}