{
  "Latvia": 89.29235076904297,
  "Faroe Islands": 71.22364807128906,
  "Colombia": 85.96089935302734,
  "Singapore": 86.02798461914062,
  "Réunion": 84.2961196899414,
  "Indonesia": 62.375389099121094,
  "Japan": 36.262965743913504,
  "Portugal": 93.09470989201792,
  "Algeria": 86.31632995605469,
  "Belgium": 93.14340591373025,
  "Malaysia": 83.14287567138672,
  "Ukraine": 93.34022773996617,
  "Estonia": 87.62165832519531,
  "Bangladesh": 72.28070068359375,
  "Slovenia": 89.0070717000771,
  "Hungary": 51.52194590617701,
  "Bermuda": 83.19277954101562,
  "Romania": 90.03625059432277,
  "Philippines": 63.905698462755765,
  "Belarus": 93.25496366598861,
  "Bosnia": 88.5404281616211,
  "Moldova": 89.21815490722656,
  "Lithuania": 93.27745056152344,
  "Paraguay": 96.02225494384766,
  "Croatia": 95.80388152731766,
  "Argentina": 81.68323528527284,
  "Ireland": 80.15956115722656,
  "Kazakhstan": 89.03713989257812,
  "Greece": 87.07659877444253,
  "Bulgaria": 91.15886688232422,
  "Serbia": 92.86793545025398,
  "New Caledonia": 94.44839477539062,
  "Sweden": 73.13107609152996,
  "Venezuela": 79.22642563311307,
  "New Zealand": 91.25444129268651,
  "Iceland": 83.69740939905458,
  "India": 70.30473134290452,
  "Uzbekistan": 85.84658813476562,
  "Cyprus": 89.63539123535156,
  "Slovakia": 78.34123425871958,
  "South Africa": 95.67948150634766
}