{
  "Italy": 71.17913046386718,
  "United States": 58.34662084176238,
  "Germany": 52.462161308717974,
  "Austria": 73.63798068603515,
  "South Korea": 40.93133660522461,
  "Canada": 70.30637040041537,
  "Mexico": 43.80734842041016,
  "Australia": 72.92350623291016,
  "Finland": 68.25904371135783,
  "Netherlands": 69.62224965820313,
  "France": 66.92679817138672,
  "United Kingdom": 43.029284321702455,
  "Russia": 47.481763505464535,
  "Norway": 71.26289732421876,
  "Switzerland": 66.2692578125,
  "Poland": 43.31421059378386,
  "Brazil": 46.25004452636719,
  "Denmark": 56.762208558105506,
  "Spain": 77.2744746118164,
  "Czechia": 62.88261323711615
}