{
  "Italy": 98.64826432861328,
  "United States": 95.3982681572888,
  "Germany": 98.55109755110419,
  "Austria": 98.0071215234375,
  "South Korea": 76.16439452392578,
  "Canada": 96.30846414734275,
  "Mexico": 93.70943016845703,
  "Australia": 96.97288928955078,
  "Finland": 97.93248135504034,
  "Netherlands": 97.80682894042968,
  "France": 98.74395725341797,
  "United Kingdom": 92.48687139776851,
  "Russia": 92.71146266504957,
  "Norway": 98.43574702392579,
  "Switzerland": 97.763828125,
  "Poland": 98.71112611380676,
  "Brazil": 96.12283772216797,
  "Denmark": 93.44380090022936,
  "Spain": 98.11482023193359,
  "Czechia": 97.37413183355947
}