{
  "Italy": 99.65585739810088,
  "United States": 99.56201800879558,
  "Germany": 99.72257252575235,
  "Austria": 99.19028605489001,
  "South Korea": 99.95866241324644,
  "Canada": 99.7632341923402,
  "Mexico": 99.53899811516456,
  "Australia": 99.61719870795108,
  "Finland": 99.74594955817612,
  "Netherlands": 99.50021779754893,
  "France": 99.54382035405261,
  "United Kingdom": 99.54255120959436,
  "Russia": 98.71142790198854,
  "Norway": 99.40316020772353,
  "Switzerland": 99.4760907995556,
  "Poland": 99.64469802783533,
  "Brazil": 99.33367920117188,
  "Denmark": 99.64634394995987,
  "Spain": 99.6992038261396,
  "Czechia": 99.45644046470936
}