{
  "Italy": 64.36119077880859,
  "United States": 57.58670642190067,
  "Germany": 39.63338019208024,
  "Austria": 61.93116389282226,
  "South Korea": 27.67024283203125,
  "Canada": 70.41506234574945,
  "Mexico": 50.679411270751956,
  "Australia": 72.37649795410157,
  "Finland": 43.225322459858845,
  "Netherlands": 47.42312149536133,
  "France": 65.30139245117188,
  "United Kingdom": 44.82152674458419,
  "Russia": 52.74863786818318,
  "Norway": 54.36571040527344,
  "Switzerland": 54.1250778125,
  "Poland": 37.88915416800388,
  "Brazil": 48.06927713623047,
  "Denmark": 48.12250540970736,
  "Spain": 68.18657195800782,
  "Czechia": 52.857699406090255
}