{
  "Italy": 99.73395514850817,
  "United States": 99.5344445800235,
  "Germany": 99.83860956816942,
  "Austria": 99.0291848252756,
  "South Korea": 100.0,
  "Canada": 99.80001334689749,
  "Mexico": 99.600272847716,
  "Australia": 99.73537662886994,
  "Finland": 99.86905974256547,
  "Netherlands": 99.83647678880806,
  "France": 99.5046819314933,
  "United Kingdom": 99.61860175285068,
  "Russia": 99.48643871925921,
  "Norway": 98.71044308892593,
  "Switzerland": 99.60545965856225,
  "Poland": 99.83293714512774,
  "Brazil": 99.23852919677735,
  "Denmark": 99.84249436901521,
  "Spain": 99.78552931213457,
  "Czechia": 99.83058328454038
}