{
  "Italy": 98.8553043665112,
  "United States": 98.15709617019645,
  "Germany": 98.5792355191725,
  "Austria": 97.62875314154282,
  "South Korea": 98.13885917499239,
  "Canada": 98.8832865053269,
  "Mexico": 97.89045005304556,
  "Australia": 97.61305962562187,
  "Finland": 97.24922520994919,
  "Netherlands": 96.21585441044176,
  "France": 98.36451994099225,
  "United Kingdom": 98.69963981403868,
  "Russia": 95.8891902902903,
  "Norway": 94.04760880047323,
  "Switzerland": 98.25306617850073,
  "Poland": 98.98797796720744,
  "Brazil": 97.5389903125,
  "Denmark": 99.30467577299702,
  "Spain": 98.57358872971706,
  "Czechia": 96.58291681668653
}