{
    "Norway": 98.302723462729,
    "Austria": 97.82065759786495,
    "Italy": 98.93052577921222,
    "Mexico": 98.90107673520856,
    "United Kingdom": 97.62101600658679,
    "Switzerland": 98.37961284519047,
    "Germany": 99.4047272199114,
    "Denmark": 99.54505040959432,
    "France": 98.18011575598966,
    "Brazil": 97.68822344140625,
    "Netherlands": 99.54400615460807,
    "Australia": 98.44154596528165,
    "Poland": 99.5208831040326,
    "Czechia": 99.02877379807062,
    "United States": 97.69070953572815,
    "Canada": 99.03364893101232,
    "South Korea": 99.99279541839807,
    "Russia": 96.97107454753967,
    "Spain": 99.40340356239196,
    "Finland": 99.76282652880712
}