{
  "Philippines": 61.45290144511502,
  "South Africa": 88.54559326171875,
  "Colombia": 76.2063217163086,
  "Venezuela": 80.70926257114225,
  "Bermuda": 79.0889663696289,
  "Lithuania": 82.4721908569336,
  "Moldova": 78.68765258789062,
  "India": 66.55527690737496,
  "Malaysia": 86.49082946777344,
  "Bosnia": 83.90309143066406,
  "Belgium": 88.94990871162342,
  "Ukraine": 86.91114551112172,
  "Greece": 79.31308150895399,
  "Algeria": 69.76625061035156,
  "Slovakia": 80.00640458218822,
  "Bangladesh": 65.72681427001953,
  "Latvia": 81.45248413085938,
  "Réunion": 82.30987548828125,
  "Romania": 88.84420708794795,
  "Singapore": 81.17955780029297,
  "Indonesia": 60.6241569519043,
  "Cyprus": 87.34037017822266,
  "Portugal": 86.09574904122023,
  "Serbia": 85.12544110301526,
  "Croatia": 95.11056667617801,
  "Japan": 45.77072486360295,
  "New Caledonia": 99.20835876464844,
  "New Zealand": 89.41963187320052,
  "Uzbekistan": 85.44288635253906,
  "Faroe Islands": 66.66987609863281,
  "Hungary": 52.9758218518374,
  "Slovenia": 88.14883875556555,
  "Paraguay": 94.9930419921875,
  "Iceland": 73.82224713168831,
  "Estonia": 87.23783874511719,
  "Argentina": 83.64815812838934,
  "Bulgaria": 81.70231628417969,
  "Sweden": 76.39679270545827,
  "Belarus": 76.8588714941374,
  "Kazakhstan": 74.67200469970703,
  "Ireland": 80.4324951171875
}