{
  "Philippines": 81.55922944228568,
  "South Africa": 92.69027709960938,
  "Colombia": 85.91930389404297,
  "Venezuela": 95.35628211079201,
  "Bermuda": 91.29944610595703,
  "Lithuania": 89.20683288574219,
  "Moldova": 88.51258850097656,
  "India": 66.9138294785409,
  "Malaysia": 81.30829620361328,
  "Bosnia": 88.9120101928711,
  "Belgium": 89.57255813046677,
  "Ukraine": 91.80065417434471,
  "Greece": 83.42375928252204,
  "Algeria": 86.93055725097656,
  "Slovakia": 80.99542269901481,
  "Bangladesh": 74.48621368408203,
  "Latvia": 93.804443359375,
  "Reunion": 96.4765396118164,
  "Romania": 93.22666146684013,
  "Singapore": 84.55110931396484,
  "Indonesia": 63.147727966308594,
  "Cyprus": 97.68647003173828,
  "Portugal": 93.38868327384523,
  "Serbia": 95.62468184795762,
  "Croatia": 96.62860170114485,
  "Japan": 44.3316093946808,
  "New Caledonia": 99.42149353027344,
  "New Zealand": 97.04184659947285,
  "Uzbekistan": 87.62763977050781,
  "Faroe Islands": 71.72908020019531,
  "Hungary": 47.00408035313277,
  "Slovenia": 96.2687941308911,
  "Paraguay": 96.9958267211914,
  "Iceland": 95.76264569818373,
  "Estonia": 90.6100082397461,
  "Argentina": 89.46904058262187,
  "Bulgaria": 92.70244598388672,
  "Sweden": 77.29473517822727,
  "Belarus": 88.77046044391135,
  "Kazakhstan": 87.23593139648438,
  "Ireland": 86.35314178466797
}