{
  "Philippines": 83.73317965945682,
  "South Africa": 95.02637481689453,
  "Colombia": 87.5,
  "Venezuela": 89.67021748693291,
  "Bermuda": 93.66314697265625,
  "Lithuania": 76.60406494140625,
  "Moldova": 89.12995147705078,
  "India": 77.25578770813983,
  "Malaysia": 92.77904510498047,
  "Bosnia": 84.33412170410156,
  "Belgium": 86.40883299583271,
  "Ukraine": 92.73445398028436,
  "Greece": 39.82202211632324,
  "Algeria": 80.61764526367188,
  "Slovakia": 91.27519058850757,
  "Bangladesh": 79.28572082519531,
  "Latvia": 80.18009185791016,
  "Reunion": 93.40210723876953,
  "Romania": 91.8331417708392,
  "Singapore": 81.67508697509766,
  "Indonesia": 67.974853515625,
  "Cyprus": 98.2972412109375,
  "Portugal": 93.20256181181776,
  "Serbia": 94.69186521784015,
  "Croatia": 86.24479409320249,
  "Japan": 35.77417126212281,
  "New Caledonia": 99.00537872314453,
  "New Zealand": 98.86324741189019,
  "Uzbekistan": 71.93065643310547,
  "Faroe Islands": 85.46260070800781,
  "Hungary": 24.04566731141605,
  "Slovenia": 97.28255943533318,
  "Paraguay": 97.14881896972656,
  "Iceland": 98.01426533622487,
  "Estonia": 76.44962310791016,
  "Argentina": 88.54531333578403,
  "Bulgaria": 95.86695861816406,
  "Sweden": 87.76778869213071,
  "Belarus": 92.99839961839758,
  "Kazakhstan": 91.22748565673828,
  "Ireland": 87.48687744140625
}